<?xml version="1.0" encoding="UTF-8"?>
<assembly>
    <id>bin</id>
    <formats>
        <format>tar.gz</format>
    </formats>
    <fileSets>
        <fileSet>
            <directory>${basedir}/bin</directory>
            <outputDirectory>bin</outputDirectory>
            <includes>
                 <include>*</include>
            </includes>
            <fileMode>0755</fileMode>
            <directoryMode>0755</directoryMode>
        </fileSet>
        <fileSet>
            <directory>${basedir}/target</directory>
            <outputDirectory>lib</outputDirectory>
            <includes>
                 <include>*.jar</include>
            </includes>
            <fileMode>0644</fileMode>
        </fileSet>
        <fileSet>
            <directory>${basedir}/target/lib</directory>
            <outputDirectory>lib</outputDirectory>
            <includes>
                 <include>*</include>
            </includes>
            <fileMode>0644</fileMode>
        </fileSet>
    </fileSets>
</assembly>